{"stats":{"minecraft:crafted":{"minecraft:wooden_sword":1,"minecraft:oak_planks":20,"minecraft:crafting_table":1,"minecraft:stick":4,"minecraft:wooden_pickaxe":1},"minecraft:mined":{"minecraft:granite":4,"minecraft:oak_log":5,"minecraft:sand":5,"minecraft:stone":13,"minecraft:sandstone":1,"minecraft:oak_leaves":2},"minecraft:used":{"minecraft:crafting_table":1,"minecraft:oak_planks":1,"minecraft:wooden_pickaxe":18},"minecraft:custom":{"minecraft:time_since_rest":4392,"minecraft:play_time":4392,"minecraft:sprint_one_cm":9010,"minecraft:damage_taken":30,"minecraft:walk_one_cm":3672,"minecraft:jump":43,"minecraft:time_since_death":4392,"minecraft:total_world_time":4392,"minecraft:interact_with_crafting_table":1,"minecraft:fall_one_cm":1671,"minecraft:fly_one_cm":6068},"minecraft:picked_up":{"minecraft:sandstone":1,"minecraft:apple":2,"minecraft:granite":3,"minecraft:sand":5,"minecraft:oak_log":5,"minecraft:oak_sapling":1,"minecraft:cobblestone":13}},"DataVersion":3120}