{"stats":{"minecraft:killed_by":{"minecraft:skeleton":3,"minecraft:spider":2,"minecraft:zombie":1,"alexsmobs:bison":1},"minecraft:killed":{"minecraft:spider":4,"minecraft:zombie":5},"minecraft:crafted":{"minecraft:wooden_sword":1,"minecraft:oak_planks":8,"minecraft:crafting_table":3,"minecraft:wooden_pickaxe":1,"minecraft:stone_axe":2,"minecraft:stick":16,"minecraft:stone_pickaxe":2,"minecraft:wooden_axe":1},"minecraft:broken":{"minecraft:stone_axe":2,"minecraft:wooden_axe":1},"minecraft:mined":{"minecraft:dark_oak_planks":3,"minecraft:birch_stairs":8,"minecraft:oak_slab":1,"minecraft:spruce_planks":7,"quark:yellow_blossom_leaves":3,"minecraft:oak_fence":3,"gravestone:gravestone":1,"minecraft:chest":1,"minecraft:birch_slab":11,"minecraft:oak_planks":127,"minecraft:sandstone":18,"minecraft:spruce_stairs":11,"minecraft:birch_planks":51,"minecraft:dark_oak_slab":2,"minecraft:iron_ore":2,"minecraft:azure_bluet":1,"minecraft:dark_oak_stairs":1,"minecraft:red_tulip":1,"minecraft:oak_log":2,"minecraft:oak_stairs":70,"minecraft:sand":32,"minecraft:dirt":14,"minecraft:stone":78,"minecraft:birch_fence":9},"minecraft:used":{"minecraft:stone_pickaxe":108,"minecraft:oak_planks":1,"minecraft:wooden_pickaxe":7,"minecraft:sand":1,"minecraft:crafting_table":2,"minecraft:wooden_axe":55,"minecraft:stone_axe":254,"minecraft:wooden_sword":38},"minecraft:custom":{"minecraft:mob_kills":9,"minecraft:interact_with_crafting_table":8,"minecraft:time_since_death":1104,"minecraft:time_since_rest":1131,"minecraft:sprint_one_cm":135047,"minecraft:damage_taken":2076,"minecraft:walk_one_cm":94697,"minecraft:damage_dealt":1867,"minecraft:swim_one_cm":23878,"minecraft:fly_one_cm":114367,"minecraft:player_kills":2,"minecraft:open_chest":7,"minecraft:play_time":41509,"minecraft:deaths":8,"minecraft:sneak_time":75,"minecraft:walk_under_water_one_cm":4092,"minecraft:jump":664,"minecraft:walk_on_water_one_cm":3036,"minecraft:total_world_time":41509,"minecraft:fall_one_cm":23812},"minecraft:picked_up":{"minecraft:crafting_table":1,"minecraft:birch_slab":22,"minecraft:wooden_pickaxe":1,"minecraft:oak_stairs":140,"minecraft:birch_planks":96,"minecraft:filled_map":1,"minecraft:oak_log":2,"minecraft:lapis_lazuli":12,"minecraft:dirt":28,"minecraft:paper":3,"minecraft:wooden_sword":1,"minecraft:birch_fence":18,"minecraft:bone":1,"minecraft:spruce_planks":7,"minecraft:iron_ingot":3,"minecraft:stone_pickaxe":2,"minecraft:iron_nugget":4,"minecraft:chest":1,"minecraft:oak_planks":238,"minecraft:dark_oak_stairs":2,"minecraft:book":5,"minecraft:oak_slab":1,"minecraft:stick":3,"minecraft:raw_iron":4,"minecraft:sandstone":36,"minecraft:dark_oak_slab":4,"minecraft:oak_door":2,"minecraft:oak_fence":6,"minecraft:spruce_stairs":22,"minecraft:sand":108,"minecraft:birch_stairs":16,"minecraft:dark_oak_planks":4,"minecraft:rotten_flesh":8,"minecraft:emerald":2,"minecraft:cobblestone":144}},"DataVersion":3120}