{"stats":{"minecraft:mined":{"minecraft:grass":5,"biomesoplenty:bush":1,"biomesoplenty:high_grass":6,"minecraft:grass_block":1,"minecraft:oak_log":5,"biomesoplenty:high_grass_plant":3,"minecraft:tall_grass":1,"minecraft:fire":3,"minecraft:oak_leaves":9},"minecraft:used":{"minecraft:dirt":1},"minecraft:killed_by":{"undead_revamp2:therod":1},"minecraft:picked_up":{"minecraft:oak_log":5,"minecraft:dirt":1},"minecraft:custom":{"minecraft:time_since_rest":1916,"minecraft:walk_one_cm":14224,"minecraft:play_time":5304,"minecraft:sprint_one_cm":18841,"minecraft:damage_taken":325,"minecraft:deaths":1,"minecraft:walk_under_water_one_cm":202,"minecraft:jump":183,"minecraft:damage_dealt":135,"minecraft:time_since_death":1892,"minecraft:walk_on_water_one_cm":227,"minecraft:total_world_time":5304,"minecraft:swim_one_cm":3917,"minecraft:fall_one_cm":7859,"minecraft:fly_one_cm":31809}},"DataVersion":3465}