{"stats":{"minecraft:killed":{"born_in_chaos_v1:dread_hound":1},"minecraft:killed_by":{"undead_revamp2:thespitter":1,"apollyon:the_damned":1,"antlers:wendigo":1},"minecraft:custom":{"minecraft:open_barrel":5,"minecraft:open_chest":6,"minecraft:time_since_rest":6429,"minecraft:sprint_one_cm":85120,"minecraft:play_time":20061,"minecraft:damage_taken":1250,"minecraft:deaths":4,"minecraft:walk_one_cm":38858,"minecraft:sneak_time":46,"minecraft:walk_under_water_one_cm":7333,"minecraft:mob_kills":1,"minecraft:damage_dealt_resisted":24,"minecraft:jump":495,"minecraft:damage_dealt":393,"minecraft:leave_game":2,"minecraft:walk_on_water_one_cm":12584,"minecraft:time_since_death":6402,"minecraft:climb_one_cm":579,"minecraft:total_world_time":20061,"minecraft:swim_one_cm":2655,"minecraft:fall_one_cm":11980,"minecraft:fly_one_cm":102769},"minecraft:mined":{"minecraft:grass":9,"biomesoplenty:bush":8,"minecraft:scaffolding":1,"minecraft:oak_log":1,"minecraft:grass_block":3,"biomesoplenty:watergrass":17,"minecraft:turtle_egg":1,"minecraft:oak_leaves":2,"minecraft:fern":1,"biomesoplenty:reed":2},"minecraft:used":{"minecraft:dirt":3,"born_in_chaos_v1:monster_flesh":1},"minecraft:picked_up":{"minecraft:scaffolding":1,"born_in_chaos_v1:monster_flesh":1,"minecraft:oak_log":1,"minecraft:oak_sapling":1,"minecraft:dirt":3}},"DataVersion":3465}