{"stats":{"minecraft:killed_by":{"alexsmobs:bison":1},"minecraft:killed":{"minecraft:zombie":1},"minecraft:crafted":{"minecraft:oak_planks":8,"minecraft:crafting_table":3,"minecraft:stick":12,"minecraft:wooden_pickaxe":1,"minecraft:stone_pickaxe":2,"minecraft:wooden_axe":1,"minecraft:stone_axe":2},"minecraft:broken":{"minecraft:wooden_axe":1,"minecraft:stone_axe":1},"minecraft:mined":{"minecraft:oak_slab":1,"minecraft:dark_oak_planks":3,"minecraft:spruce_stairs":11,"minecraft:birch_planks":51,"minecraft:birch_stairs":8,"minecraft:spruce_planks":7,"minecraft:dark_oak_slab":2,"quark:yellow_blossom_leaves":3,"minecraft:iron_ore":2,"minecraft:oak_fence":3,"minecraft:dark_oak_stairs":1,"minecraft:oak_log":2,"minecraft:chest":1,"minecraft:oak_stairs":70,"minecraft:dirt":14,"minecraft:sand":30,"minecraft:birch_slab":11,"minecraft:stone":78,"minecraft:oak_planks":127,"minecraft:sandstone":18,"minecraft:birch_fence":9},"minecraft:used":{"minecraft:wooden_axe":55,"minecraft:stone_pickaxe":106,"minecraft:oak_planks":1,"minecraft:wooden_pickaxe":7,"minecraft:stone_axe":246,"minecraft:crafting_table":2},"minecraft:custom":{"minecraft:time_since_rest":26757,"minecraft:sprint_one_cm":63823,"minecraft:damage_taken":405,"minecraft:walk_one_cm":58453,"minecraft:mob_kills":1,"minecraft:damage_dealt":315,"minecraft:interact_with_crafting_table":7,"minecraft:swim_one_cm":8781,"minecraft:fly_one_cm":43424,"minecraft:open_chest":7,"minecraft:play_time":29509,"minecraft:deaths":1,"minecraft:walk_under_water_one_cm":597,"minecraft:jump":332,"minecraft:walk_on_water_one_cm":692,"minecraft:time_since_death":26732,"minecraft:total_world_time":29509,"minecraft:fall_one_cm":9674},"minecraft:picked_up":{"minecraft:raw_iron":2,"minecraft:dark_oak_slab":2,"minecraft:sandstone":18,"minecraft:oak_door":1,"minecraft:birch_slab":11,"minecraft:oak_fence":3,"minecraft:spruce_stairs":11,"minecraft:oak_stairs":70,"minecraft:birch_planks":49,"minecraft:birch_stairs":8,"minecraft:sand":35,"minecraft:oak_log":2,"minecraft:dirt":14,"minecraft:dark_oak_planks":2,"minecraft:birch_fence":9,"minecraft:rotten_flesh":2,"minecraft:spruce_planks":7,"minecraft:chest":1,"minecraft:oak_planks":125,"minecraft:dark_oak_stairs":1,"minecraft:cobblestone":78,"minecraft:oak_slab":1}},"DataVersion":3120}