{"stats":{"minecraft:killed_by":{"alexsmobs:bison":1},"minecraft:killed":{"minecraft:zombie":1},"minecraft:crafted":{"minecraft:oak_planks":8,"minecraft:crafting_table":3,"minecraft:stick":12,"minecraft:wooden_pickaxe":1,"minecraft:stone_pickaxe":1,"minecraft:wooden_axe":1,"minecraft:stone_axe":1},"minecraft:broken":{"minecraft:wooden_axe":1,"minecraft:stone_axe":1},"minecraft:mined":{"minecraft:dark_oak_planks":2,"minecraft:spruce_stairs":11,"minecraft:birch_planks":37,"minecraft:birch_stairs":6,"minecraft:spruce_planks":7,"minecraft:dark_oak_slab":2,"quark:yellow_blossom_leaves":3,"minecraft:iron_ore":2,"minecraft:oak_fence":3,"minecraft:dark_oak_stairs":1,"minecraft:oak_log":2,"minecraft:chest":1,"minecraft:oak_stairs":32,"minecraft:sand":17,"minecraft:birch_slab":10,"minecraft:stone":68,"minecraft:oak_planks":72,"minecraft:sandstone":1,"minecraft:birch_fence":7},"minecraft:used":{"minecraft:wooden_axe":55,"minecraft:stone_pickaxe":74,"minecraft:oak_planks":1,"minecraft:wooden_pickaxe":7,"minecraft:stone_axe":131,"minecraft:crafting_table":2},"minecraft:custom":{"minecraft:time_since_rest":14757,"minecraft:sprint_one_cm":49112,"minecraft:damage_taken":365,"minecraft:walk_one_cm":35996,"minecraft:mob_kills":1,"minecraft:damage_dealt":315,"minecraft:interact_with_crafting_table":5,"minecraft:swim_one_cm":8781,"minecraft:fly_one_cm":35614,"minecraft:open_chest":5,"minecraft:play_time":17509,"minecraft:deaths":1,"minecraft:walk_under_water_one_cm":597,"minecraft:jump":214,"minecraft:walk_on_water_one_cm":692,"minecraft:time_since_death":14732,"minecraft:total_world_time":17509,"minecraft:fall_one_cm":7330},"minecraft:picked_up":{"minecraft:raw_iron":2,"minecraft:dark_oak_slab":2,"minecraft:sandstone":1,"minecraft:birch_slab":10,"minecraft:oak_fence":3,"minecraft:spruce_stairs":11,"minecraft:oak_stairs":32,"minecraft:birch_planks":36,"minecraft:birch_stairs":6,"minecraft:sand":22,"minecraft:oak_log":2,"minecraft:dark_oak_planks":1,"minecraft:birch_fence":7,"minecraft:rotten_flesh":2,"minecraft:spruce_planks":7,"minecraft:chest":1,"minecraft:oak_planks":70,"minecraft:dark_oak_stairs":1,"minecraft:cobblestone":68}},"DataVersion":3120}