{"stats":{"minecraft:dropped":{"minecraft:iron_sword":1,"minecraft:spruce_stairs":11,"minecraft:spider_eye":1,"minecraft:stone_pickaxe":1,"minecraft:paper":3,"minecraft:egg":1},"minecraft:killed":{"alexsmobs:raccoon":1,"minecraft:spider":4,"minecraft:sheep":4,"minecraft:zombie":5,"alexsmobs:bison":1},"minecraft:killed_by":{"alexsmobs:raccoon":1,"minecraft:skeleton":3,"minecraft:spider":2,"minecraft:zombie":1,"alexsmobs:bison":1},"minecraft:crafted":{"minecraft:wooden_sword":1,"minecraft:oak_planks":8,"minecraft:crafting_table":3,"minecraft:wooden_pickaxe":1,"minecraft:iron_sword":1,"minecraft:stone_axe":2,"minecraft:stick":16,"minecraft:stone_pickaxe":2,"minecraft:wooden_axe":1},"minecraft:broken":{"minecraft:stone_pickaxe":1,"minecraft:stone_axe":2,"minecraft:wooden_axe":1},"minecraft:mined":{"minecraft:dark_oak_planks":3,"minecraft:birch_stairs":8,"minecraft:oak_slab":1,"minecraft:spruce_planks":7,"quark:yellow_blossom_leaves":3,"minecraft:oak_fence":3,"gravestone:gravestone":1,"minecraft:grass_block":5,"minecraft:chest":1,"minecraft:cobblestone":5,"minecraft:birch_slab":11,"minecraft:oak_planks":127,"minecraft:sandstone":18,"minecraft:spruce_stairs":11,"minecraft:birch_planks":51,"minecraft:dark_oak_slab":2,"minecraft:iron_ore":2,"minecraft:azure_bluet":1,"minecraft:dark_oak_stairs":1,"minecraft:grass":7,"minecraft:red_tulip":1,"minecraft:oak_log":3,"minecraft:oak_stairs":70,"minecraft:sand":32,"minecraft:dirt":22,"minecraft:stone":81,"minecraft:birch_fence":9},"minecraft:used":{"minecraft:stone_pickaxe":129,"minecraft:oak_planks":1,"minecraft:wooden_pickaxe":7,"minecraft:iron_sword":27,"minecraft:oak_door":1,"minecraft:sand":1,"minecraft:mutton":2,"minecraft:crafting_table":3,"minecraft:wooden_axe":55,"minecraft:stone_axe":254,"minecraft:wooden_sword":38,"minecraft:cobblestone":57,"minecraft:egg":3},"minecraft:custom":{"minecraft:mob_kills":14,"minecraft:interact_with_crafting_table":9,"minecraft:time_since_death":5594,"minecraft:time_since_rest":5656,"minecraft:sprint_one_cm":183548,"minecraft:damage_taken":2374,"minecraft:walk_one_cm":132590,"minecraft:drop":6,"minecraft:damage_dealt":2917,"minecraft:swim_one_cm":27834,"minecraft:fly_one_cm":175385,"minecraft:player_kills":3,"minecraft:open_chest":7,"minecraft:crouch_one_cm":44,"minecraft:play_time":53509,"minecraft:deaths":9,"minecraft:sneak_time":113,"minecraft:walk_under_water_one_cm":4366,"minecraft:jump":935,"minecraft:walk_on_water_one_cm":3221,"minecraft:total_world_time":53509,"minecraft:fall_one_cm":33932},"minecraft:picked_up":{"minecraft:crafting_table":1,"minecraft:birch_slab":33,"minecraft:wooden_pickaxe":2,"minecraft:oak_stairs":210,"minecraft:birch_planks":143,"minecraft:filled_map":2,"alexsmobs:bison_fur":2,"minecraft:oak_log":2,"gravestone:obituary":1,"minecraft:lapis_lazuli":24,"minecraft:dirt":59,"minecraft:paper":3,"minecraft:wooden_sword":2,"minecraft:birch_fence":27,"minecraft:bone":2,"minecraft:spruce_planks":7,"minecraft:beef":6,"minecraft:iron_ingot":4,"minecraft:stone_pickaxe":5,"minecraft:iron_nugget":8,"minecraft:chest":1,"minecraft:iron_sword":2,"minecraft:oak_planks":351,"minecraft:dark_oak_stairs":3,"minecraft:egg":4,"minecraft:book":10,"minecraft:oak_slab":1,"minecraft:stick":5,"minecraft:raw_iron":6,"minecraft:sandstone":54,"minecraft:dark_oak_slab":6,"minecraft:oak_door":3,"minecraft:oak_fence":9,"minecraft:spruce_stairs":22,"minecraft:sand":162,"minecraft:birch_stairs":24,"minecraft:spider_eye":1,"minecraft:dark_oak_planks":6,"minecraft:rotten_flesh":12,"minecraft:emerald":4,"minecraft:mutton":8,"minecraft:white_wool":8,"minecraft:cobblestone":165}},"DataVersion":3120}