{"stats":{"minecraft:killed_by":{"alexsmobs:bison":1},"minecraft:crafted":{"minecraft:oak_planks":8,"minecraft:crafting_table":1,"minecraft:stick":4,"minecraft:wooden_axe":1},"minecraft:mined":{"minecraft:dark_oak_planks":1,"minecraft:spruce_stairs":4,"minecraft:oak_log":2,"minecraft:birch_planks":2,"minecraft:spruce_planks":3,"quark:yellow_blossom_leaves":3,"minecraft:sand":4,"minecraft:birch_slab":1,"minecraft:oak_planks":1},"minecraft:used":{"minecraft:crafting_table":1,"minecraft:oak_planks":1},"minecraft:custom":{"minecraft:time_since_rest":2757,"minecraft:play_time":5509,"minecraft:sprint_one_cm":36650,"minecraft:walk_one_cm":13269,"minecraft:damage_taken":220,"minecraft:deaths":1,"minecraft:walk_under_water_one_cm":166,"minecraft:jump":103,"minecraft:damage_dealt":116,"minecraft:time_since_death":2732,"minecraft:walk_on_water_one_cm":336,"minecraft:total_world_time":5509,"minecraft:swim_one_cm":2700,"minecraft:interact_with_crafting_table":1,"minecraft:fall_one_cm":3862,"minecraft:fly_one_cm":26021},"minecraft:picked_up":{"minecraft:dark_oak_planks":1,"minecraft:birch_slab":1,"minecraft:spruce_stairs":4,"minecraft:birch_planks":2,"minecraft:spruce_planks":3,"minecraft:sand":4,"minecraft:oak_log":2,"minecraft:oak_planks":1}},"DataVersion":3120}