{"stats":{"minecraft:killed_by":{"apollyon:the_damned":1,"antlers:wendigo":1},"minecraft:custom":{"minecraft:time_since_rest":646,"minecraft:open_chest":1,"minecraft:sprint_one_cm":43223,"minecraft:play_time":11445,"minecraft:walk_one_cm":24151,"minecraft:damage_taken":890,"minecraft:deaths":3,"minecraft:sneak_time":46,"minecraft:walk_under_water_one_cm":7205,"minecraft:damage_dealt_resisted":24,"minecraft:jump":279,"minecraft:damage_dealt":33,"minecraft:leave_game":2,"minecraft:walk_on_water_one_cm":10968,"minecraft:time_since_death":0,"minecraft:total_world_time":11445,"minecraft:climb_one_cm":64,"minecraft:swim_one_cm":2655,"minecraft:fall_one_cm":7289,"minecraft:fly_one_cm":50649},"minecraft:mined":{"minecraft:grass":4,"biomesoplenty:bush":8,"minecraft:grass_block":3,"biomesoplenty:watergrass":14,"biomesoplenty:reed":1},"minecraft:picked_up":{"minecraft:dirt":3},"minecraft:used":{"minecraft:dirt":3}},"DataVersion":3465}