{"stats":{"minecraft:killed_by":{"minecraft:skeleton":2,"minecraft:spider":2,"minecraft:zombie":1,"minecraft:player":2},"minecraft:mined":{"minecraft:grass_block":1,"minecraft:sand":1,"minecraft:dirt":3,"minecraft:birch_leaves":1,"minecraft:oak_leaves":1},"minecraft:used":{"minecraft:dirt":4,"alexsmobs:animal_dictionary":2},"minecraft:custom":{"minecraft:time_since_rest":2157,"minecraft:crouch_one_cm":119,"minecraft:play_time":13138,"minecraft:sprint_one_cm":8015,"minecraft:walk_one_cm":49296,"minecraft:damage_taken":1926,"minecraft:deaths":7,"minecraft:sneak_time":22,"minecraft:jump":144,"minecraft:damage_dealt":443,"minecraft:time_since_death":2131,"minecraft:total_world_time":13138,"minecraft:fall_one_cm":3288,"minecraft:fly_one_cm":6106},"minecraft:picked_up":{"minecraft:sand":1,"gravestone:obituary":1,"minecraft:dirt":4}},"DataVersion":3120}