{"stats":{"minecraft:dropped":{"minecraft:filled_map":1,"minecraft:iron_ingot":1,"minecraft:dirt":17,"minecraft:iron_sword":1,"minecraft:birch_fence":9,"minecraft:dark_oak_stairs":1,"minecraft:iron_nugget":4,"minecraft:mutton":3,"minecraft:rotten_flesh":4,"minecraft:dark_oak_slab":2,"minecraft:raw_iron":2,"minecraft:cobblestone":14,"minecraft:oak_fence":3,"minecraft:wooden_sword":1,"minecraft:book":5,"minecraft:oak_planks":113,"minecraft:spider_eye":1,"gravestone:obituary":1,"minecraft:oak_stairs":134,"minecraft:sand":108,"minecraft:wooden_pickaxe":2,"minecraft:stone_pickaxe":2,"minecraft:dark_oak_planks":2,"minecraft:white_wool":4,"minecraft:birch_stairs":8,"minecraft:birch_slab":11,"minecraft:bone":1,"minecraft:stick":2,"minecraft:emerald":4},"minecraft:killed_by":{"minecraft:player":3,"minecraft:skeleton":2,"minecraft:spider":2,"minecraft:zombie":1},"minecraft:killed":{"minecraft:sheep":1},"minecraft:crafted":{"minecraft:oak_planks":28,"minecraft:crafting_table":1,"minecraft:stick":4,"minecraft:wooden_pickaxe":1,"minecraft:wooden_axe":1},"minecraft:mined":{"minecraft:birch_leaves":1,"minecraft:crafting_table":1,"minecraft:grass":3,"minecraft:grass_block":5,"minecraft:oak_log":10,"minecraft:dirt":4,"minecraft:sand":1,"minecraft:stone":21,"minecraft:oak_leaves":6},"minecraft:used":{"minecraft:wooden_axe":11,"minecraft:wooden_pickaxe":26,"minecraft:dirt":4,"minecraft:crafting_table":1,"alexsmobs:animal_dictionary":2},"minecraft:custom":{"minecraft:time_since_rest":13585,"minecraft:sprint_one_cm":17988,"minecraft:damage_taken":2371,"minecraft:walk_one_cm":99558,"minecraft:mob_kills":2,"minecraft:drop":38,"minecraft:damage_dealt":719,"minecraft:swim_one_cm":25,"minecraft:interact_with_crafting_table":1,"minecraft:fly_one_cm":12303,"minecraft:crouch_one_cm":119,"minecraft:play_time":27283,"minecraft:deaths":8,"minecraft:sneak_time":22,"minecraft:walk_under_water_one_cm":2839,"minecraft:jump":252,"minecraft:leave_game":1,"minecraft:time_since_death":12085,"minecraft:walk_on_water_one_cm":1791,"minecraft:total_world_time":27283,"minecraft:fall_one_cm":5801},"minecraft:picked_up":{"minecraft:crafting_table":1,"minecraft:wooden_pickaxe":1,"minecraft:oak_stairs":64,"minecraft:sand":55,"minecraft:oak_log":11,"gravestone:obituary":1,"minecraft:dirt":8,"minecraft:spider_eye":1,"minecraft:string":1,"minecraft:stone_pickaxe":1,"minecraft:emerald":2,"minecraft:oak_sapling":1,"minecraft:mutton":1,"minecraft:white_wool":1,"minecraft:cobblestone":22}},"DataVersion":3120}