{
  "betterdungeons:root": {
    "criteria": {
      "always": "2024-06-27 01:35:43 +0000"
    },
    "done": true
  },
  "betterdeserttemples:root": {
    "criteria": {
      "always": "2024-06-27 01:35:43 +0000"
    },
    "done": true
  },
  "iceandfire:iceandfire/root": {
    "criteria": {
      "tick": "2024-06-27 01:35:43 +0000"
    },
    "done": true
  },
  "minecraft:adventure/root": {
    "criteria": {
      "killed_by_something": "2024-06-27 01:38:02 +0000"
    },
    "done": true
  },
  "mowziesmobs:root": {
    "criteria": {
      "custom_test_name": "2024-06-27 01:35:43 +0000"
    },
    "done": true
  },
  "endofherobrine:story/root": {
    "criteria": {
      "requirement": "2024-06-27 01:36:48 +0000"
    },
    "done": true
  },
  "minecraft:adventure/adventuring_time": {
    "criteria": {
      "minecraft:sunflower_plains": "2024-06-27 01:36:27 +0000",
      "minecraft:beach": "2024-06-27 01:35:45 +0000",
      "minecraft:river": "2024-06-27 01:36:07 +0000",
      "minecraft:flower_forest": "2024-06-27 01:35:50 +0000"
    },
    "done": false
  },
  "minecraft:story/root": {
    "criteria": {
      "crafting_table": "2024-06-27 01:40:05 +0000"
    },
    "done": true
  },
  "DataVersion": 3120
}